doc_id,title,category,sub_category,source_name,source_url,language,license_or_usage_notes,created_at,updated_at,local_path,summary,tags
kb-0001,Investing vs Saving: Key Differences,investing_foundations,basics,mixed (search),https://zerodha.com/varsity/chapter/the-need-to-invest/,en,Stored as paraphrased notes + links. Avoid verbatim copying.,2025-12-17T13:48:36Z,2025-12-17T13:48:36Z,data/kb/docs/kb-0001-what-is-investing-vs-saving.md,"Saving means setting money aside safely for short-term use, often with low risk and low returns. Investing involves using money to buy assets with the goal of growing it over time but carries higher risk and potential rewards.","investing_foundations,basics"
kb-0002,Investing vs Saving: Key Differences,investing_foundations,basics,mixed (search),https://zerodha.com/varsity/chapter/the-need-to-invest/,en,Stored as paraphrased notes + links. Avoid verbatim copying.,2025-12-17T15:54:24Z,2025-12-17T15:54:24Z,data/kb/docs/kb-0002-what-is-investing-vs-saving.md,"Saving means putting money aside safely for short-term needs with low risk. Investing involves using money to buy assets that may grow in value over time but carry higher risk. Investing aims for higher returns, while saving focuses on security.","investing_foundations,basics"
kb-0003,Risk vs Return: Why Higher Return Requires Higher Risk,investing_foundations,basics,mixed (search),https://www.investopedia.com/terms/r/riskreturntradeoff.asp,en,Stored as paraphrased notes + links. Avoid verbatim copying.,2025-12-17T15:54:34Z,2025-12-17T15:54:34Z,data/kb/docs/kb-0003-risk-vs-return-why-higher-return-needs-higher-risk.md,"Investing follows a key principle: to earn higher returns, you must accept higher risk. Lower-risk investments offer more safety but generally provide smaller profits. Understanding this balance helps investors make smarter choices based on their goals and comfort with risk.","investing_foundations,basics"
kb-0004,Understanding Compounding: How Money Grows Over Time,investing_foundations,basics,mixed (search),https://www.investopedia.com/terms/c/compoundinterest.asp,en,Stored as paraphrased notes + links. Avoid verbatim copying.,2025-12-17T15:54:45Z,2025-12-17T15:54:45Z,data/kb/docs/kb-0004-compounding-how-money-grows-over-time.md,"Compounding means earning interest on both your initial money and the interest already earned. This process helps your money grow faster over time because you earn ""interest on interest."" The more often interest is added, the faster the growth.","investing_foundations,basics"
kb-0005,Time Horizon and Its Importance in Investing,investing_foundations,basics,mixed (search),https://www.investopedia.com/terms/t/timehorizon.asp,en,Stored as paraphrased notes + links. Avoid verbatim copying.,2025-12-17T15:54:58Z,2025-12-17T15:54:58Z,data/kb/docs/kb-0005-time-horizon-and-why-it-matters.md,"Time horizon is the length of time you plan to hold an investment to meet financial goals. It helps determine how much risk you can take and what types of investments are suitable. Longer horizons usually allow more risk for higher potential returns, while shorter horizons favor safer choices.","investing_foundations,basics"
kb-0006,Inflation and Its Impact on Purchasing Power,investing_foundations,basics,mixed (search),https://www.investopedia.com/terms/p/purchasingpower.asp,en,Stored as paraphrased notes + links. Avoid verbatim copying.,2025-12-17T15:55:12Z,2025-12-17T15:55:12Z,data/kb/docs/kb-0006-inflation-and-purchasing-power.md,"Inflation means prices of goods and services go up over time. This causes money to lose value, reducing what you can buy with the same amount. Purchasing power shows how much your money can buy and it falls when inflation rises.","investing_foundations,basics"
kb-0007,Nominal vs Real Returns,investing_foundations,basics,mixed (search),https://www.investopedia.com/ask/answers/032515/what-difference-between-real-and-nominal-interest-rates.asp,en,Stored as paraphrased notes + links. Avoid verbatim copying.,2025-12-17T15:55:24Z,2025-12-17T15:55:24Z,data/kb/docs/kb-0007-nominal-vs-real-returns.md,"Nominal returns show the stated earnings on investments without adjusting for inflation. Real returns account for inflation, showing the actual gain in purchasing power.","investing_foundations,basics"
kb-0008,Common Types of Asset Classes,investing_foundations,basics,mixed (search),https://zerodha.com/varsity/chapter/asset-allocation-an-introduction/,en,Stored as paraphrased notes + links. Avoid verbatim copying.,2025-12-17T15:55:40Z,2025-12-17T15:55:40Z,data/kb/docs/kb-0008-types-of-asset-classes-equity-debt-cash-gold-real-estate.md,"Asset classes group investments with similar features and market behavior. Main types include equities, debt, cash, gold, and real estate, each with unique risk and return profiles.","investing_foundations,basics"
kb-0009,Liquidity and Its Importance,investing_foundations,basics,mixed (search),https://www.investopedia.com/terms/l/liquidity.asp,en,Stored as paraphrased notes + links. Avoid verbatim copying.,2025-12-17T15:55:50Z,2025-12-17T15:55:50Z,data/kb/docs/kb-0009-liquidity-and-why-it-matters.md,"Liquidity shows how easily an asset can be turned into cash without changing its market price. It matters because it helps investors buy or sell quickly and at fair prices, reducing costs and risks.","investing_foundations,basics"
kb-0010,Diversification in Investing,investing_foundations,basics,mixed (search),https://www.investopedia.com/terms/d/diversification.asp,en,Stored as paraphrased notes + links. Avoid verbatim copying.,2025-12-17T15:56:05Z,2025-12-17T15:56:05Z,data/kb/docs/kb-0010-diversification-concept-simple-example.md,"Diversification means spreading investments across different types to reduce risk. It helps balance losses and gains, aiming for steadier returns over time.","investing_foundations,basics"
kb-0011,Asset Allocation: Basics and Importance,investing_foundations,basics,mixed (search),https://zerodha.com/varsity/chapter/asset-allocation-an-introduction/,en,Stored as paraphrased notes + links. Avoid verbatim copying.,2025-12-17T15:56:21Z,2025-12-17T15:56:21Z,data/kb/docs/kb-0011-asset-allocation-what-it-is-and-why-it-matters.md,"Asset allocation is dividing investments among asset types like stocks, bonds, and cash. It helps balance risk and reward based on goals, risk tolerance, and investment time frame.","investing_foundations,basics"
kb-0012,Investing vs Saving: Understanding the Basics,investing_foundations,basics,mixed (search),https://zerodha.com/varsity/chapter/the-need-to-invest/,en,Stored as paraphrased notes + links. Avoid verbatim copying.,2025-12-17T16:02:04Z,2025-12-17T16:02:04Z,data/kb/docs/kb-0012-what-is-investing-vs-saving.md,"Saving means putting money aside safely for short-term needs and emergencies, usually with low risk and low returns. Investing involves using money to buy assets with the goal of growing wealth over time, but it comes with higher risk and the potential for greater returns.","investing_foundations,basics"
kb-0013,Risk vs Return: Why Higher Return Means Higher Risk,investing_foundations,basics,mixed (search),https://zerodha.com/varsity/chapter/why-should-you-invest/,en,Stored as paraphrased notes + links. Avoid verbatim copying.,2025-12-17T16:02:18Z,2025-12-17T16:02:18Z,data/kb/docs/kb-0013-risk-vs-return-why-higher-return-needs-higher-risk.md,"In investing, to earn higher returns, you must accept higher risks. Lower risks usually lead to smaller gains, while bigger rewards come with greater chances of loss.","investing_foundations,basics"
kb-0014,Compounding: How Money Grows Over Time,investing_foundations,basics,mixed (search),https://www.investopedia.com/terms/c/compoundinterest.asp,en,Stored as paraphrased notes + links. Avoid verbatim copying.,2025-12-17T16:02:32Z,2025-12-17T16:02:32Z,data/kb/docs/kb-0014-compounding-how-money-grows-over-time.md,"Compounding is when interest is earned on both the original amount and the interest already added. This process helps money grow faster over time because interest builds upon itself. It works for both savings and debts, but grows your savings more quickly.","investing_foundations,basics"
kb-0015,Time Horizon and Its Importance in Investing,investing_foundations,basics,mixed (search),https://www.investopedia.com/terms/t/timehorizon.asp,en,Stored as paraphrased notes + links. Avoid verbatim copying.,2025-12-17T16:02:46Z,2025-12-17T16:02:46Z,data/kb/docs/kb-0015-time-horizon-and-why-it-matters.md,"Time horizon is the length of time you plan to hold an investment to meet your financial goals. It guides how much risk you can take and helps choose suitable investments for short, medium, or long terms.","investing_foundations,basics"
kb-0016,Inflation and Purchasing Power,investing_foundations,basics,mixed (search),https://www.investopedia.com/terms/p/purchasingpower.asp,en,Stored as paraphrased notes + links. Avoid verbatim copying.,2025-12-17T16:03:03Z,2025-12-17T16:03:03Z,data/kb/docs/kb-0016-inflation-and-purchasing-power.md,"Inflation means prices of goods and services go up over time. This causes the purchasing power of money to fall, meaning you can buy less with the same amount. Understanding this helps in managing finances and investments.","investing_foundations,basics"
kb-0017,Nominal vs Real Returns,investing_foundations,basics,mixed (search),https://www.investopedia.com/ask/answers/032515/what-difference-between-real-and-nominal-interest-rates.asp,en,Stored as paraphrased notes + links. Avoid verbatim copying.,2025-12-17T16:03:16Z,2025-12-17T16:03:16Z,data/kb/docs/kb-0017-nominal-vs-real-returns.md,Nominal returns are the stated percentage gains on investments without adjusting for inflation. Real returns show the actual growth in purchasing power by accounting for inflation's impact.,"investing_foundations,basics"
kb-0018,Types of Asset Classes,investing_foundations,basics,mixed (search),https://zerodha.com/varsity/chapter/asset-allocation-an-introduction/,en,Stored as paraphrased notes + links. Avoid verbatim copying.,2025-12-17T16:03:29Z,2025-12-17T16:03:29Z,data/kb/docs/kb-0018-types-of-asset-classes-equity-debt-cash-gold-real-estate.md,"Asset classes are groups of investments with similar traits and market behaviors. Common classes include equity, debt, cash, gold, and real estate, each serving different roles in a portfolio.","investing_foundations,basics"
kb-0019,Liquidity and Its Importance,investing_foundations,basics,mixed (search),https://www.investopedia.com/terms/l/liquidity.asp,en,Stored as paraphrased notes + links. Avoid verbatim copying.,2025-12-17T16:03:43Z,2025-12-17T16:03:43Z,data/kb/docs/kb-0019-liquidity-and-why-it-matters.md,"Liquidity is how easily an asset can be turned into cash without changing its market price. It matters because liquid assets allow quick transactions at fair prices, reducing costs and risks.","investing_foundations,basics"
kb-0020,Diversification Basics,investing_foundations,basics,mixed (search),https://www.investopedia.com/terms/d/diversification.asp,en,Stored as paraphrased notes + links. Avoid verbatim copying.,2025-12-17T16:03:57Z,2025-12-17T16:03:57Z,data/kb/docs/kb-0020-diversification-concept-simple-example.md,"Diversification is a strategy that spreads investments across different assets to reduce risk. By mixing various investments, it helps protect your portfolio from sharp losses in any one area.","investing_foundations,basics"
kb-0021,Asset Allocation: What It Is and Why It Matters,investing_foundations,basics,mixed (search),https://zerodha.com/varsity/chapter/asset-allocation-an-introduction/,en,Stored as paraphrased notes + links. Avoid verbatim copying.,2025-12-17T16:04:13Z,2025-12-17T16:04:13Z,data/kb/docs/kb-0021-asset-allocation-what-it-is-and-why-it-matters.md,"Asset allocation means dividing your investments across different types of assets like stocks, bonds, and cash. It helps balance risk and reward based on your goals, risk comfort, and how long you plan to invest.","investing_foundations,basics"
kb-0022,What is a Stock / Equity Share?,stocks_basics,basics,mixed (search),https://www.investopedia.com/terms/s/shareholdersequity.asp,en,Stored as paraphrased notes + links. Avoid verbatim copying.,2025-12-17T16:04:29Z,2025-12-17T16:04:29Z,data/kb/docs/kb-0022-what-is-a-stock-equity-share.md,"A stock, also called an equity share, represents ownership in a company. When you buy a stock, you own a part of that company and can benefit if it grows or pays dividends.","stocks_basics,basics"
kb-0023,"How Stock Prices Move: Supply, Demand, and Expectations",stocks_basics,basics,mixed (search),https://zerodha.com/varsity/chapter/the-stock-markets/,en,Stored as paraphrased notes + links. Avoid verbatim copying.,2025-12-17T16:04:45Z,2025-12-17T16:04:45Z,data/kb/docs/kb-0023-how-stock-prices-move-supply-demand-expectations.md,Stock prices change mainly because of supply and demand in the market. News and investors’ expectations about a company’s future also strongly influence price movements.,"stocks_basics,basics"
kb-0024,"Market Capitalization: Large, Mid, and Small Cap Explained",stocks_basics,basics,mixed (search),https://www.investopedia.com/investing/market-capitalization-defined/,en,Stored as paraphrased notes + links. Avoid verbatim copying.,2025-12-17T16:04:59Z,2025-12-17T16:04:59Z,data/kb/docs/kb-0024-market-capitalization-large-mid-small-cap.md,"Market capitalization is the total value of a company’s shares and helps classify companies by size. Investors use this to understand risk and growth potential. Companies are grouped into large-cap, mid-cap, and small-cap based on their market value.","stocks_basics,basics"
kb-0025,Dividends and Dividend Yield Explained,stocks_basics,basics,mixed (search),https://www.investopedia.com/ask/answers/011315/what-difference-between-yield-and-dividend.asp,en,Stored as paraphrased notes + links. Avoid verbatim copying.,2025-12-17T16:05:12Z,2025-12-17T16:05:12Z,data/kb/docs/kb-0025-dividends-and-dividend-yield.md,"Dividends are payments to shareholders from a company's profits, providing regular income. Dividend yield shows the annual return from dividends as a percentage of the current stock price.","stocks_basics,basics"
kb-0026,Common Stock vs Preferred Stock,stocks_basics,basics,mixed (search),https://www.investopedia.com/ask/answers/difference-between-preferred-stock-and-common-stock/,en,Stored as paraphrased notes + links. Avoid verbatim copying.,2025-12-17T16:05:27Z,2025-12-17T16:05:27Z,data/kb/docs/kb-0026-common-stock-vs-preferred-stock.md,"Common and preferred stocks both represent ownership in a company but differ in rights and risks. Preferred stockholders get fixed dividends and priority in payouts, while common stockholders usually have voting rights and potential for higher returns.","stocks_basics,basics"
kb-0027,Primary Market vs Secondary Market (IPO vs Trading),stocks_basics,basics,mixed (search),https://www.investopedia.com/investing/primary-and-secondary-markets/,en,Stored as paraphrased notes + links. Avoid verbatim copying.,2025-12-17T16:05:43Z,2025-12-17T16:05:43Z,data/kb/docs/kb-0027-primary-market-vs-secondary-market-ipo-vs-trading.md,"The primary market is where companies first sell new stocks or bonds to raise money, like in an IPO. The secondary market is where investors buy and sell these securities among themselves after the initial sale.","stocks_basics,basics"
kb-0028,"Understanding Stock Indices: Nifty, Sensex, and S&P 500",stocks_basics,basics,mixed (search),https://zerodha.com/varsity/chapter/the-stock-markets-index/,en,Stored as paraphrased notes + links. Avoid verbatim copying.,2025-12-17T16:06:01Z,2025-12-17T16:06:01Z,data/kb/docs/kb-0028-stock-indices-nifty-sensex-s-p-500-concept.md,"Stock indices track the performance of selected top companies to show overall market trend. They help investors quickly understand if the market is going up, down, or sideways. Popular indices include India's Nifty 50 and Sensex, and the USA's S&P 500.","stocks_basics,basics"
kb-0029,What is a Stock Split and Why It Happens,stocks_basics,basics,mixed (search),https://www.investopedia.com/terms/s/stocksplit.asp,en,Stored as paraphrased notes + links. Avoid verbatim copying.,2025-12-17T16:06:17Z,2025-12-17T16:06:17Z,data/kb/docs/kb-0029-what-is-a-stock-split-and-why-it-happens.md,"A stock split increases the number of shares a company has by dividing existing shares. This lowers the price of each share, making stocks more affordable without changing the company's total value.","stocks_basics,basics"
kb-0030,Understanding Buybacks,stocks_basics,basics,mixed (search),https://zerodha.com/varsity/chapter/understanding-corporate-actions-like-dividends-bonuses-and-buybacks/,en,Stored as paraphrased notes + links. Avoid verbatim copying.,2025-12-17T16:06:30Z,2025-12-17T16:06:30Z,data/kb/docs/kb-0030-what-are-buybacks.md,"Buybacks occur when a company buys back its own shares from the market. This reduces the total shares available, often increasing the value of remaining shares and signaling confidence in the company’s future.","stocks_basics,basics"
kb-0031,Why Earnings Announcements Move Stock Prices,stocks_basics,basics,mixed (search),https://www.investopedia.com/terms/e/earnings-announcement.asp,en,Stored as paraphrased notes + links. Avoid verbatim copying.,2025-12-17T16:06:42Z,2025-12-17T16:06:42Z,data/kb/docs/kb-0031-earnings-announcements-why-they-move-prices.md,"Earnings announcements reveal a company's profit for a period, influencing investor decisions. Prices rise or fall based on whether results beat or miss expectations. Market anticipation and analyst estimates also impact price changes around these announcements.","stocks_basics,basics"
kb-0032,How to Read a Basic Stock Quote,stocks_basics,basics,mixed (search),https://zerodha.com/varsity/chapter/chart-types/,en,Stored as paraphrased notes + links. Avoid verbatim copying.,2025-12-17T16:07:03Z,2025-12-17T16:07:03Z,data/kb/docs/kb-0032-how-to-read-a-basic-stock-quote-open-high-low-close-volume.md,"A stock quote shows key price and volume information for a stock during a trading period. It includes the opening price, highest and lowest prices, closing price, and volume of shares traded. Understanding these helps track daily stock performance.","stocks_basics,basics"
kb-0033,Market vs Limit Orders,stocks_basics,basics,mixed (search),https://zerodha.com/varsity/chapter/understanding-the-various-order-types/,en,Stored as paraphrased notes + links. Avoid verbatim copying.,2025-12-17T16:07:16Z,2025-12-17T16:07:16Z,data/kb/docs/kb-0033-order-types-market-vs-limit-orders.md,Market orders buy or sell stocks immediately at the best available price. Limit orders set a specific price and only execute if the market reaches that price.,"stocks_basics,basics"
kb-0034,Understanding the Price-to-Earnings (P/E) Ratio,stock_valuation_and_metrics,basics,mixed (search),https://www.investopedia.com/ask/answers/070214/how-can-pricetoearnings-pe-ratio-mislead-investors.asp,en,Stored as paraphrased notes + links. Avoid verbatim copying.,2025-12-17T16:07:29Z,2025-12-17T16:07:29Z,data/kb/docs/kb-0034-p-e-ratio-what-it-means-pitfalls.md,The P/E ratio shows how much investors pay for each dollar of a company’s earnings. It helps evaluate if a stock is overvalued or undervalued but should be used carefully. Different accounting methods and sector differences can make P/E ratios misleading if used alone.,"stock_valuation_and_metrics,basics"
kb-0035,Understanding EPS and Its Uses,stock_valuation_and_metrics,basics,mixed (search),https://www.investopedia.com/terms/e/eps.asp,en,Stored as paraphrased notes + links. Avoid verbatim copying.,2025-12-17T16:07:45Z,2025-12-17T16:07:45Z,data/kb/docs/kb-0035-eps-earnings-per-share-and-how-it-s-used.md,"Earnings per share (EPS) shows how much profit a company earns for each share of common stock. It’s a key measure to assess profitability and compare companies. Different types of EPS help investors understand core earnings, cash earnings, and retained profits.","stock_valuation_and_metrics,basics"
kb-0036,Understanding the Price-to-Book (P/B) Ratio,stock_valuation_and_metrics,basics,mixed (search),https://www.investopedia.com/terms/p/price-to-bookratio.asp,en,Stored as paraphrased notes + links. Avoid verbatim copying.,2025-12-17T16:08:21Z,2025-12-17T16:08:21Z,data/kb/docs/kb-0036-p-b-ratio-and-when-it-s-useful.md,"The P/B ratio compares a company's stock price to its book value per share. It helps investors find undervalued companies, especially in asset-heavy industries. It's most useful when comparing companies within the same industry.","stock_valuation_and_metrics,basics"
kb-0037,Understanding the PEG Ratio,stock_valuation_and_metrics,basics,mixed (search),https://www.investopedia.com/terms/p/pegratio.asp,en,Stored as paraphrased notes + links. Avoid verbatim copying.,2025-12-17T16:08:36Z,2025-12-17T16:08:36Z,data/kb/docs/kb-0037-peg-ratio-growth-adjusted-p-e.md,The PEG ratio adjusts the price-to-earnings (P/E) ratio by considering a company's expected earnings growth. It gives a clearer picture of a stock’s value by including growth potential.,"stock_valuation_and_metrics,basics"
kb-0038,Revenue vs Profit vs Cash Flow: Key Differences,stock_valuation_and_metrics,basics,mixed (search),https://zerodha.com/varsity/chapter/cash-flow-statement/,en,Stored as paraphrased notes + links. Avoid verbatim copying.,2025-12-17T16:08:49Z,2025-12-17T16:08:49Z,data/kb/docs/kb-0038-revenue-vs-profit-vs-cash-flow-difference.md,"Revenue is the total money earned from sales, profit is what remains after expenses, and cash flow shows actual cash entering and leaving the business. Understanding these helps assess a company's sales success, profitability, and liquidity.","stock_valuation_and_metrics,basics"
kb-0039,Why Free Cash Flow Matters,stock_valuation_and_metrics,basics,mixed (search),https://www.investopedia.com/articles/fundamental/03/091703.asp,en,Stored as paraphrased notes + links. Avoid verbatim copying.,2025-12-17T16:09:01Z,2025-12-17T16:09:01Z,data/kb/docs/kb-0039-free-cash-flow-why-it-matters.md,"Free cash flow (FCF) shows how much cash a company generates after covering expenses and investments. It is important because it indicates the company’s ability to grow, pay debts, and reward investors. Tracking FCF helps spot financial health and potential risks early.","stock_valuation_and_metrics,basics"
kb-0040,Basics of ROE and ROCE,stock_valuation_and_metrics,basics,mixed (search),https://www.investopedia.com/ask/answers/011215/what-difference-between-roce-and-roe.asp,en,Stored as paraphrased notes + links. Avoid verbatim copying.,2025-12-17T16:09:14Z,2025-12-17T16:09:14Z,data/kb/docs/kb-0040-roe-roce-basics.md,"ROE and ROCE are key financial ratios used to measure a company's profitability. ROE shows profit generated from shareholders' equity, while ROCE evaluates how well all capital, including debt, is used to produce profit.","stock_valuation_and_metrics,basics"
kb-0041,Debt-to-Equity Ratio and Leverage Risk,stock_valuation_and_metrics,basics,mixed (search),https://www.investopedia.com/terms/d/debtequityratio.asp,en,Stored as paraphrased notes + links. Avoid verbatim copying.,2025-12-17T16:09:30Z,2025-12-17T16:09:30Z,data/kb/docs/kb-0041-debt-to-equity-ratio-and-leverage-risk.md,"The debt-to-equity (D/E) ratio measures how much a company uses debt compared to its own funds to finance operations. It helps assess financial risk and the company's reliance on borrowed money. Higher ratios indicate greater leverage and risk, while lower ratios suggest less use of debt.","stock_valuation_and_metrics,basics"
kb-0042,Margin Types: Gross vs Operating vs Net,stock_valuation_and_metrics,basics,mixed (search),https://www.investopedia.com/ask/answers/102714/whats-difference-between-profit-margin-and-operating-margin.asp,en,Stored as paraphrased notes + links. Avoid verbatim copying.,2025-12-17T16:09:44Z,2025-12-17T16:09:44Z,data/kb/docs/kb-0042-margin-gross-vs-operating-vs-net.md,"Gross, operating, and net profit margins show different profit levels on an income statement. They help understand how well a company controls costs and earns profit at various stages.","stock_valuation_and_metrics,basics"
kb-0043,Moat and Competitive Advantage in Qualitative Analysis,stock_valuation_and_metrics,basics,mixed (search),https://www.investopedia.com/ask/answers/05/economicmoat.asp,en,Stored as paraphrased notes + links. Avoid verbatim copying.,2025-12-17T16:10:01Z,2025-12-17T16:10:01Z,data/kb/docs/kb-0043-moat-and-competitive-advantage-qualitative-analysis.md,A moat refers to a company's lasting competitive edge that protects it from rivals and helps maintain profitability. Identifying a strong economic moat is key for investors who want companies that can sustain success over time.,"stock_valuation_and_metrics,basics"
kb-0044,"Basics of Bonds: Issuer, Coupon, and Maturity",bonds_and_fixed_income,basics,mixed (search),https://www.investopedia.com/terms/c/coupon.asp,en,Stored as paraphrased notes + links. Avoid verbatim copying.,2025-12-17T16:10:15Z,2025-12-17T16:10:15Z,data/kb/docs/kb-0044-what-is-a-bond-issuer-coupon-maturity.md,"A bond is a loan made by an investor to an issuer for a set period. The issuer pays interest called a coupon until the bond matures, when the face value is returned. The coupon rate is fixed and set when the bond is issued.","bonds_and_fixed_income,basics"
kb-0045,Difference Between Yield and Coupon Rate,bonds_and_fixed_income,basics,mixed (search),https://www.investopedia.com/ask/answers/051215/what-difference-between-bonds-yield-rate-and-its-coupon-rate.asp,en,Stored as paraphrased notes + links. Avoid verbatim copying.,2025-12-17T16:10:30Z,2025-12-17T16:10:30Z,data/kb/docs/kb-0045-yield-vs-coupon-difference.md,"The coupon rate is the fixed interest percentage a bond pays annually based on its face value. Yield shows the actual return an investor gets, which changes with the bond's market price. Yield to maturity estimates the total return if the bond is held until it matures.","bonds_and_fixed_income,basics"
kb-0046,Inverse Relationship Between Bond Prices and Interest Rates,bonds_and_fixed_income,basics,mixed (search),https://www.investopedia.com/ask/answers/why-interest-rates-have-inverse-relationship-bond-prices/,en,Stored as paraphrased notes + links. Avoid verbatim copying.,2025-12-17T16:10:46Z,2025-12-17T16:10:46Z,data/kb/docs/kb-0046-bond-prices-and-interest-rates-inverse-relationship.md,"Bond prices move in the opposite direction of interest rates. When interest rates rise, bond prices fall, and when rates drop, bond prices increase.","bonds_and_fixed_income,basics"
kb-0047,Duration: Interest Rate Sensitivity of Bonds,bonds_and_fixed_income,basics,mixed (search),https://www.investopedia.com/terms/i/interest-rate-sensitivity.asp,en,Stored as paraphrased notes + links. Avoid verbatim copying.,2025-12-17T16:11:01Z,2025-12-17T16:11:01Z,data/kb/docs/kb-0047-duration-interest-rate-sensitivity.md,"Duration shows how much a bond's price changes when interest rates change, reflecting its risk level. It measures the weighted average time to receive bond payments and helps investors manage interest rate risk.","bonds_and_fixed_income,basics"
kb-0048,Credit Risk: Government vs Corporate Bonds,bonds_and_fixed_income,basics,mixed (search),https://www.investopedia.com/investing/corporate-bonds-introduction-to-credit-risk/,en,Stored as paraphrased notes + links. Avoid verbatim copying.,2025-12-17T16:11:16Z,2025-12-17T16:11:16Z,data/kb/docs/kb-0048-credit-risk-government-vs-corporate-bonds.md,"Credit risk refers to the chance that a bond issuer cannot pay back interest or principal. Government bonds generally have lower credit risk than corporate bonds, which usually pay higher interest to compensate for this risk.","bonds_and_fixed_income,basics"
kb-0049,Credit Ratings Basics: From AAA to Junk,bonds_and_fixed_income,basics,mixed (search),https://www.investopedia.com/terms/j/junkbond.asp,en,Stored as paraphrased notes + links. Avoid verbatim copying.,2025-12-17T16:11:34Z,2025-12-17T16:11:34Z,data/kb/docs/kb-0049-credit-ratings-aaa-junk-basics.md,Credit ratings show how likely a borrower will repay their debt. Ratings range from high-quality 'AAA' to risky 'junk' status below 'BB'. These ratings help investors decide how safe or risky bonds are.,"bonds_and_fixed_income,basics"
kb-0050,Yield Curve: Normal vs Inverted,bonds_and_fixed_income,basics,mixed (search),https://www.investopedia.com/terms/y/yieldcurve.asp,en,Stored as paraphrased notes + links. Avoid verbatim copying.,2025-12-17T16:11:49Z,2025-12-17T16:11:49Z,data/kb/docs/kb-0050-yield-curve-normal-vs-inverted.md,"A yield curve graphs bond yields by maturity, showing interest rates over time. A normal curve slopes upward, signaling economic growth, while an inverted curve slopes downward, often predicting a recession.","bonds_and_fixed_income,basics"
kb-0051,Inflation-Linked Bonds Explained,bonds_and_fixed_income,basics,mixed (search),https://www.investopedia.com/articles/bonds/09/inflation-linked-bonds.asp,en,Stored as paraphrased notes + links. Avoid verbatim copying.,2025-12-17T16:12:02Z,2025-12-17T16:12:02Z,data/kb/docs/kb-0051-inflation-linked-bonds-concept.md,Inflation-linked bonds protect investors by adjusting payments based on inflation rates. They help maintain the real value of returns despite rising prices.,"bonds_and_fixed_income,basics"
kb-0052,Bond Funds vs Individual Bonds,bonds_and_fixed_income,basics,mixed (search),https://www.investopedia.com/bond-funds-vs-individual-bonds-11781426,en,Stored as paraphrased notes + links. Avoid verbatim copying.,2025-12-17T16:12:18Z,2025-12-17T16:12:18Z,data/kb/docs/kb-0052-bond-funds-vs-individual-bonds.md,"Individual bonds are loans you hold until maturity, offering fixed interest and principal return if no default occurs. Bond funds pool many bonds, providing diversification and professional management but without a guaranteed principal amount.","bonds_and_fixed_income,basics"
kb-0053,Reinvestment Risk in Coupon Payments,bonds_and_fixed_income,basics,mixed (search),https://www.investopedia.com/terms/r/reinvestmentrisk.asp,en,Stored as paraphrased notes + links. Avoid verbatim copying.,2025-12-17T16:12:31Z,2025-12-17T16:12:31Z,data/kb/docs/kb-0053-reinvestment-risk-coupon-reinvestment.md,"Reinvestment risk happens when an investor can't reinvest coupon payments at the same interest rate as the original bond. This risk affects the total returns, especially if interest rates drop after receiving coupons. Zero-coupon bonds avoid this risk since they pay no periodic interest.","bonds_and_fixed_income,basics"
kb-0054,Default Risk and Recovery Rate Basics,bonds_and_fixed_income,basics,mixed (search),https://www.investopedia.com/terms/r/recovery-rate.asp,en,Stored as paraphrased notes + links. Avoid verbatim copying.,2025-12-17T16:12:47Z,2025-12-17T16:12:47Z,data/kb/docs/kb-0054-default-risk-and-recovery-rate.md,Default risk refers to the chance that a borrower will fail to repay a loan. Recovery rate measures how much money lenders get back after a borrower defaults. Both help lenders decide loan terms and interest rates.,"bonds_and_fixed_income,basics"
kb-0055,Bond Laddering Strategy,bonds_and_fixed_income,basics,mixed (search),https://www.investopedia.com/terms/b/bondladdering.asp,en,Stored as paraphrased notes + links. Avoid verbatim copying.,2025-12-17T16:13:01Z,2025-12-17T16:13:01Z,data/kb/docs/kb-0055-laddering-strategy-bond-ladder.md,Bond laddering involves buying bonds with different maturity dates to reduce risk and improve cash flow. This strategy helps investors avoid locking in low rates and provides regular opportunities to reinvest as bonds mature.,"bonds_and_fixed_income,basics"
kb-0056,What is a Mutual Fund and How It Works,mutual_funds_and_etfs,basics,mixed (search),https://www.investopedia.com/terms/m/mutualfund.asp,en,Stored as paraphrased notes + links. Avoid verbatim copying.,2025-12-17T16:13:18Z,2025-12-17T16:13:18Z,data/kb/docs/kb-0056-what-is-a-mutual-fund-how-it-works.md,"A mutual fund pools money from many investors to buy a variety of securities, managed by professionals. Investors share profits or losses based on the fund's performance. The fund's price is set daily based on its total value divided by shares outstanding.","mutual_funds_and_etfs,basics"
kb-0057,What is an ETF and How It Works,mutual_funds_and_etfs,basics,mixed (search),https://zerodha.com/varsity/chapter/exchange-traded-funds-etf/,en,Stored as paraphrased notes + links. Avoid verbatim copying.,2025-12-17T16:13:33Z,2025-12-17T16:13:33Z,data/kb/docs/kb-0057-what-is-an-etf-how-it-works.md,"An Exchange-Traded Fund (ETF) is a basket of different securities like stocks or bonds that trades on stock exchanges like a regular stock. ETFs allow investors to buy or sell shares anytime during market hours, unlike mutual funds which trade only once a day.","mutual_funds_and_etfs,basics"
kb-0058,ETF vs Mutual Fund: Key Differences,mutual_funds_and_etfs,basics,mixed (search),https://www.investopedia.com/articles/exchangetradedfunds/08/etf-mutual-fund-difference.asp,en,Stored as paraphrased notes + links. Avoid verbatim copying.,2025-12-17T16:13:48Z,2025-12-17T16:13:48Z,data/kb/docs/kb-0058-etf-vs-mutual-fund-key-differences.md,"ETFs and mutual funds both allow investors to diversify by pooling money to buy various assets. ETFs trade like stocks throughout the day with generally lower fees, while mutual funds trade once daily and often have active management with higher costs.","mutual_funds_and_etfs,basics"
kb-0059,Index Funds vs Active Funds,mutual_funds_and_etfs,basics,mixed (search),https://zerodha.com/varsity/chapter/introduction-to-index-funds/,en,Stored as paraphrased notes + links. Avoid verbatim copying.,2025-12-17T16:14:05Z,2025-12-17T16:14:05Z,data/kb/docs/kb-0059-index-funds-vs-active-funds.md,"Index funds aim to match the returns of a market benchmark by passively holding its stocks, while active funds try to beat the benchmark through stock selection. Active funds rely on managers' strategies and typically have higher costs than index funds.","mutual_funds_and_etfs,basics"
kb-0060,Understanding Net Asset Value (NAV),mutual_funds_and_etfs,basics,mixed (search),https://zerodha.com/varsity/chapter/concept-of-fund-nav/,en,Stored as paraphrased notes + links. Avoid verbatim copying.,2025-12-17T16:14:19Z,2025-12-17T16:14:19Z,data/kb/docs/kb-0060-nav-net-asset-value.md,NAV represents the value of a fund's assets minus its liabilities. It shows how much each share of a fund is worth at the end of the business day and helps investors know the price to buy or sell fund shares.,"mutual_funds_and_etfs,basics"
kb-0061,Understanding Expense Ratio and Its Importance,mutual_funds_and_etfs,basics,mixed (search),https://www.investopedia.com/ask/answers/032715/why-mutual-funds-expense-ratio-important-investors.asp,en,Stored as paraphrased notes + links. Avoid verbatim copying.,2025-12-17T16:14:35Z,2025-12-17T16:14:35Z,data/kb/docs/kb-0061-expense-ratio-and-why-it-matters.md,"The expense ratio shows the yearly cost to manage and operate a fund, expressed as a percentage of assets. It directly reduces the returns investors receive, making it vital to consider when choosing investment funds.","mutual_funds_and_etfs,basics"
kb-0062,Tracking Error in Index Funds and ETFs,mutual_funds_and_etfs,basics,mixed (search),https://zerodha.com/varsity/chapter/exchange-traded-funds-etf/,en,Stored as paraphrased notes + links. Avoid verbatim copying.,2025-12-17T16:14:51Z,2025-12-17T16:14:51Z,data/kb/docs/kb-0062-tracking-error-index-funds-etfs.md,Tracking error shows how much an ETF or index fund’s performance differs from its target index. Small differences are common due to fees and other factors but large gaps can affect investor returns.,"mutual_funds_and_etfs,basics"
kb-0063,SIP Basics: What is a Systematic Investment Plan?,mutual_funds_and_etfs,basics,mixed (search),https://zerodha.com/varsity/chapter/the-mutual-fund-fact-sheet/,en,Stored as paraphrased notes + links. Avoid verbatim copying.,2025-12-17T16:15:08Z,2025-12-17T16:15:08Z,data/kb/docs/kb-0063-sip-systematic-investment-plan-basics.md,A Systematic Investment Plan (SIP) is a way to invest a fixed amount regularly in mutual funds. It helps build wealth gradually by investing small amounts over time rather than paying a lump sum.,"mutual_funds_and_etfs,basics"
kb-0064,Lump Sum vs SIP: Pros and Cons,mutual_funds_and_etfs,basics,mixed (search),https://zerodha.com/varsity/chapter/the-need-to-invest/,en,Stored as paraphrased notes + links. Avoid verbatim copying.,2025-12-17T16:15:25Z,2025-12-17T16:15:25Z,data/kb/docs/kb-0064-lump-sum-vs-sip-pros-cons.md,Lump sum investing means putting a big amount at once while SIP spreads investments regularly. Each has advantages and risks depending on market conditions and personal preferences.,"mutual_funds_and_etfs,basics"
kb-0065,"Types of Mutual Funds: Equity, Debt, and Hybrid",mutual_funds_and_etfs,basics,mixed (search),https://zerodha.com/varsity/chapter/the-equity-scheme-part-1/,en,Stored as paraphrased notes + links. Avoid verbatim copying.,2025-12-17T16:15:40Z,2025-12-17T16:15:40Z,data/kb/docs/kb-0065-fund-categories-equity-debt-hybrid.md,"Mutual funds are mainly classified into equity, debt, and hybrid categories. Equity funds invest in stocks and aim for growth; debt funds invest in fixed income to protect capital; hybrid funds mix both to balance risk and return.","mutual_funds_and_etfs,basics"
kb-0066,Risks of Sector and Thematic Funds,mutual_funds_and_etfs,basics,mixed (search),https://www.investopedia.com/investing/benefits-and-risks-thematic-etfs/,en,Stored as paraphrased notes + links. Avoid verbatim copying.,2025-12-17T16:15:56Z,2025-12-17T16:15:56Z,data/kb/docs/kb-0066-sector-thematic-funds-risks.md,"Sector and thematic funds focus on specific industries or trends, offering targeted investment opportunities. However, these funds come with higher risks compared to broader market funds due to less diversification and market volatility.","mutual_funds_and_etfs,basics"
kb-0067,Spotting Fund Overlap: Avoiding Duplicate Investments,mutual_funds_and_etfs,basics,mixed (search),https://zerodha.com/varsity/chapter/the-mutual-fund-portfolio/,en,Stored as paraphrased notes + links. Avoid verbatim copying.,2025-12-17T16:16:10Z,2025-12-17T16:16:10Z,data/kb/docs/kb-0067-fund-overlap-how-to-spot-duplication.md,"Fund overlap happens when two or more investment funds share many of the same stocks or assets, causing duplication in your portfolio. Identifying overlap helps maintain diversification and avoid unnecessary risk.","mutual_funds_and_etfs,basics"
kb-0068,What is Rebalancing and Why Do It,portfolio_management,basics,mixed (search),https://www.investopedia.com/terms/r/rebalancing.asp,en,Stored as paraphrased notes + links. Avoid verbatim copying.,2025-12-17T16:16:26Z,2025-12-17T16:16:26Z,data/kb/docs/kb-0068-what-is-rebalancing-and-why-do-it.md,Rebalancing means adjusting your investment portfolio to keep the original mix of assets. It helps manage risk and keeps your investments aligned with your financial goals as market values change.,"portfolio_management,basics"
kb-0069,Concentration Risk in Single Stocks and Sectors,portfolio_management,basics,mixed (search),https://www.investopedia.com/terms/r/riskreturntradeoff.asp,en,Stored as paraphrased notes + links. Avoid verbatim copying.,2025-12-17T16:16:41Z,2025-12-17T16:16:41Z,data/kb/docs/kb-0069-concentration-risk-single-stock-sector.md,Concentration risk happens when investing too much money in one stock or sector. This increases the chance of bigger losses if that stock or sector performs poorly. Diversifying investments helps reduce this risk.,"portfolio_management,basics"
kb-0070,Correlation and Diversification Benefit,portfolio_management,basics,mixed (search),https://www.investopedia.com/articles/financial-theory/09/uncorrelated-assets-diversification.asp,en,Stored as paraphrased notes + links. Avoid verbatim copying.,2025-12-17T16:16:55Z,2025-12-17T16:16:55Z,data/kb/docs/kb-0070-correlation-and-diversification-benefit.md,"Correlation measures how two assets move in relation to each other, ranging from -1 (opposite directions) to +1 (same direction). Diversification works best when assets are low or negatively correlated, helping reduce overall portfolio risk.","portfolio_management,basics"
kb-0071,Risk Capacity vs Risk Tolerance: Key Differences,portfolio_management,basics,mixed (search),https://www.investopedia.com/ask/answers/08/difference-between-risk-tolerance-and-risk-capacity.asp,en,Stored as paraphrased notes + links. Avoid verbatim copying.,2025-12-17T16:17:07Z,2025-12-17T16:17:07Z,data/kb/docs/kb-0071-risk-capacity-vs-risk-tolerance-difference.md,Risk tolerance is how much risk a person feels comfortable taking emotionally. Risk capacity is the actual financial ability to handle potential losses. Both are important for making smart investment decisions.,"portfolio_management,basics"
kb-0072,Understanding Portfolio Drawdown and Its Importance,portfolio_management,basics,mixed (search),https://www.investopedia.com/terms/d/drawdown.asp,en,Stored as paraphrased notes + links. Avoid verbatim copying.,2025-12-17T16:17:19Z,2025-12-17T16:17:19Z,data/kb/docs/kb-0072-portfolio-drawdown-and-why-it-matters.md,Portfolio drawdown shows the largest loss from a peak to a trough over a period. Monitoring drawdowns helps assess investment risk and the time needed for recovery.,"portfolio_management,basics"
kb-0073,Simple Diversification Score,portfolio_management,basics,mixed (search),https://www.investopedia.com/articles/investing/100615/investing-100-month-stocks-30-years.asp,en,Stored as paraphrased notes + links. Avoid verbatim copying.,2025-12-17T16:17:32Z,2025-12-17T16:17:32Z,data/kb/docs/kb-0073-simple-diversification-score-heuristic-idea.md,The Simple Diversification Score is a quick way to measure how spread out investments are. It helps ensure your portfolio isn't too focused on one asset or type. This score serves as a basic guide to avoid high risk from lack of variety.,"portfolio_management,basics"
kb-0074,Strategic vs Tactical Asset Allocation,portfolio_management,basics,mixed (search),https://www.investopedia.com/terms/s/strategicassetallocation.asp,en,Stored as paraphrased notes + links. Avoid verbatim copying.,2025-12-17T16:17:46Z,2025-12-17T16:17:46Z,data/kb/docs/kb-0074-strategic-vs-tactical-asset-allocation.md,"Strategic asset allocation sets long-term target percentages for asset classes based on risk and goals, then rebalances periodically. Tactical asset allocation actively adjusts these targets short-term to exploit market opportunities, while still aiming to return to the original mix.","portfolio_management,basics"
kb-0075,Basic Rules of Position Sizing,portfolio_management,basics,mixed (search),https://zerodha.com/varsity/chapter/position-sizing-active-traders-part-2/,en,Stored as paraphrased notes + links. Avoid verbatim copying.,2025-12-17T16:18:00Z,2025-12-17T16:18:00Z,data/kb/docs/kb-0075-position-sizing-basic-rules.md,Position sizing helps decide how much money to put into a trade based on total capital. It limits the risk on any single trade and supports better money management. Different techniques exist and traders should select ones that fit their style.,"portfolio_management,basics"
kb-0076,Dollar-Cost Averaging (DCA) Basics,portfolio_management,basics,mixed (search),https://www.investopedia.com/terms/d/dollarcostaveraging.asp,en,Stored as paraphrased notes + links. Avoid verbatim copying.,2025-12-17T16:18:12Z,2025-12-17T16:18:12Z,data/kb/docs/kb-0076-dollar-cost-averaging-dca-explained.md,"Dollar-cost averaging is an investing method where you put the same amount of money into an investment regularly, regardless of its price. This approach helps reduce the risk of investing a large sum at a wrong time and smooths out the effects of market ups and downs.","portfolio_management,basics"
kb-0077,Rupee-Cost Averaging Explained,portfolio_management,basics,mixed (search),,en,Stored as paraphrased notes + links. Avoid verbatim copying.,2025-12-17T16:18:25Z,2025-12-17T16:18:25Z,data/kb/docs/kb-0077-rupee-cost-averaging-same-idea.md,"Rupee-cost averaging is an investment method where you invest a fixed amount regularly, regardless of market prices. This approach helps reduce the impact of market volatility by spreading out purchases over time.","portfolio_management,basics"
kb-0078,Framework for When to Sell an Investment,portfolio_management,basics,mixed (search),https://www.investopedia.com/articles/stocks/07/when_to_sell.asp,en,Stored as paraphrased notes + links. Avoid verbatim copying.,2025-12-17T16:18:37Z,2025-12-17T16:18:37Z,data/kb/docs/kb-0078-when-to-sell-an-investment-framework.md,"Deciding when to sell an investment depends on your financial goals, risk tolerance, and market conditions. Using structured strategies helps avoid emotional decisions and improve investment outcomes.","portfolio_management,basics"
kb-0079,Common Portfolio Mistakes: Chasing Returns and Panic Selling,portfolio_management,basics,mixed (search),https://www.investopedia.com/articles/stocks/07/beat_the_mistakes.asp,en,Stored as paraphrased notes + links. Avoid verbatim copying.,2025-12-17T16:18:50Z,2025-12-17T16:18:50Z,data/kb/docs/kb-0079-common-portfolio-mistakes-chasing-returns-panic-selling.md,"Many investors make the mistake of following recent high returns, which can lead to buying at high prices. Panic selling during market drops often causes unnecessary losses. Avoiding emotional decisions helps maintain long-term growth.","portfolio_management,basics"
kb-0080,Understanding CAGR (Compound Annual Growth Rate),return_and_risk_metrics,basics,mixed (search),https://www.investopedia.com/terms/c/cagr.asp,en,Stored as paraphrased notes + links. Avoid verbatim copying.,2025-12-17T16:19:02Z,2025-12-17T16:19:02Z,data/kb/docs/kb-0080-cagr-compound-annual-growth-rate.md,"CAGR shows the average yearly growth rate of an investment over a set time, assuming profits are reinvested. It smooths out fluctuations to give a clearer picture of performance over multiple years.","return_and_risk_metrics,basics"
kb-0081,Understanding XIRR for Irregular Cashflows in SIPs,return_and_risk_metrics,basics,mixed (search),https://www.investopedia.com/articles/investing/102715/calculating-internal-rate-return-using-excel.asp,en,Stored as paraphrased notes + links. Avoid verbatim copying.,2025-12-17T16:19:15Z,2025-12-17T16:19:15Z,data/kb/docs/kb-0081-xirr-for-sip-irregular-cashflows.md,XIRR calculates the annualized return for investments with uneven cash flows and dates. It's ideal for SIPs where contributions and withdrawals happen on different days. This helps track true investment performance considering time value of money.,"return_and_risk_metrics,basics"
kb-0082,Understanding Volatility (Standard Deviation),return_and_risk_metrics,basics,mixed (search),https://zerodha.com/varsity/chapter/volatility-calculation-historical/,en,Stored as paraphrased notes + links. Avoid verbatim copying.,2025-12-17T16:19:29Z,2025-12-17T16:19:29Z,data/kb/docs/kb-0082-volatility-standard-deviation.md,"Volatility measures how much a stock's price changes over time, showing its risk level. It is calculated using the standard deviation of returns, indicating the spread of price movements around the average.","return_and_risk_metrics,basics"
kb-0083,Understanding Beta: Market Sensitivity of Stocks,return_and_risk_metrics,basics,mixed (search),https://www.investopedia.com/terms/b/beta.asp,en,Stored as paraphrased notes + links. Avoid verbatim copying.,2025-12-17T16:19:42Z,2025-12-17T16:19:42Z,data/kb/docs/kb-0083-beta-market-sensitivity.md,"Beta shows how much a stock's price moves compared to the overall market. It helps investors understand the risk level of a stock relative to market changes. Stocks with beta above 1 are more volatile, while those below 1 are less volatile than the market.","return_and_risk_metrics,basics"
kb-0084,Sharpe Ratio: Measuring Risk-Adjusted Return,return_and_risk_metrics,basics,mixed (search),https://www.investopedia.com/terms/s/sharperatio.asp,en,Stored as paraphrased notes + links. Avoid verbatim copying.,2025-12-17T16:19:55Z,2025-12-17T16:19:55Z,data/kb/docs/kb-0084-sharpe-ratio-risk-adjusted-return.md,The Sharpe ratio helps measure how well an investment performs compared to its risk. It shows if the returns are due to smart choices or just taking on more risk.,"return_and_risk_metrics,basics"
kb-0085,Sortino Ratio: Measuring Downside Risk,return_and_risk_metrics,basics,mixed (search),https://zerodha.com/varsity/chapter/sortino-and-the-capture-ratios/,en,Stored as paraphrased notes + links. Avoid verbatim copying.,2025-12-17T16:20:08Z,2025-12-17T16:20:08Z,data/kb/docs/kb-0085-sortino-ratio-downside-risk.md,"The Sortino ratio evaluates investment returns by focusing only on the harmful volatility or downside risk, ignoring positive fluctuations. It improves on the Sharpe ratio by considering only negative returns in the risk calculation, giving a clearer picture of risk-adjusted performance.","return_and_risk_metrics,basics"
kb-0086,Maximum Drawdown Explained,return_and_risk_metrics,basics,mixed (search),https://www.investopedia.com/terms/m/maximum-drawdown-mdd.asp,en,Stored as paraphrased notes + links. Avoid verbatim copying.,2025-12-17T16:20:19Z,2025-12-17T16:20:19Z,data/kb/docs/kb-0086-maximum-drawdown-definition-example.md,Maximum drawdown (MDD) is the largest drop in an investment’s value from its highest point to the lowest before a new high. It shows the biggest loss an investor could have faced during a specific time period.,"return_and_risk_metrics,basics"
kb-0087,Alpha: Investment Performance Beyond Benchmark,return_and_risk_metrics,basics,mixed (search),https://www.investopedia.com/terms/a/alpha.asp,en,Stored as paraphrased notes + links. Avoid verbatim copying.,2025-12-17T16:20:32Z,2025-12-17T16:20:32Z,data/kb/docs/kb-0087-alpha-excess-return-vs-benchmark.md,"Alpha measures how much an investment outperforms or underperforms a benchmark after adjusting for risk. A positive alpha means the investment did better than the benchmark, showing the manager's added value. Negative alpha indicates it performed worse than the benchmark.","return_and_risk_metrics,basics"
kb-0088,Benchmarking Portfolio Performance,return_and_risk_metrics,basics,mixed (search),https://zerodha.com/varsity/chapter/mutual-benchmarking/,en,Stored as paraphrased notes + links. Avoid verbatim copying.,2025-12-17T16:20:43Z,2025-12-17T16:20:43Z,data/kb/docs/kb-0088-benchmarking-portfolio-performance.md,Benchmarking is comparing a portfolio's returns to a relevant market standard or index. It helps investors understand if their investments are performing well relative to similar investments or the overall market.,"return_and_risk_metrics,basics"
kb-0089,Why Rolling Returns Matter,return_and_risk_metrics,basics,mixed (search),https://zerodha.com/varsity/chapter/mutual-benchmarking/,en,Stored as paraphrased notes + links. Avoid verbatim copying.,2025-12-17T16:20:54Z,2025-12-17T16:20:54Z,data/kb/docs/kb-0089-rolling-returns-why-they-re-useful.md,Rolling returns help measure how consistent an investment’s performance is over different time periods. They smooth out short-term ups and downs to give a better idea of long-term trends. This makes it easier to compare funds or stocks fairly.,"return_and_risk_metrics,basics"
kb-0090,Why Goal-Based Investing Beats Picking Individual Stocks,goal_planning_and_retirement,basics,mixed (search),https://www.investopedia.com/articles/basics/11/how-to-pick-a-stock.asp,en,Stored as paraphrased notes + links. Avoid verbatim copying.,2025-12-17T16:21:07Z,2025-12-17T16:21:07Z,data/kb/docs/kb-0090-goal-based-investing-why-it-s-better-than-pick-stocks.md,Goal-based investing focuses on achieving specific financial objectives rather than just selecting stocks. It helps investors create a clear plan and manage risk better compared to trying to find winning stocks on their own.,"goal_planning_and_retirement,basics"
kb-0091,Estimating Your Retirement Corpus,goal_planning_and_retirement,basics,mixed (search),https://zerodha.com/varsity/chapter/the-retirement-problem-part-1/,en,Stored as paraphrased notes + links. Avoid verbatim copying.,2025-12-17T16:21:19Z,2025-12-17T16:21:19Z,data/kb/docs/kb-0091-retirement-corpus-basics-how-to-estimate.md,"A retirement corpus is the amount of money you need saved by retirement to maintain your lifestyle. Estimating it requires knowing your monthly expenses and expected retirement duration. Then, factor in investment growth and inflation to find the target corpus.","goal_planning_and_retirement,basics"
kb-0092,Calculating SIP for a Target Amount,goal_planning_and_retirement,basics,mixed (search),https://zerodha.com/varsity/chapter/personal-finance-math-part-1/,en,Stored as paraphrased notes + links. Avoid verbatim copying.,2025-12-17T16:21:31Z,2025-12-17T16:21:31Z,data/kb/docs/kb-0092-sip-required-for-a-target-amount-concept.md,"A Systematic Investment Plan (SIP) allows you to invest fixed amounts regularly to reach a financial goal. To plan SIPs effectively, you estimate how much to invest each period to hit your target sum considering expected returns and investment duration.","goal_planning_and_retirement,basics"
kb-0093,Step-up SIP: Increasing Your Investment Gradually,goal_planning_and_retirement,basics,mixed (search),https://zerodha.com/varsity/chapter/the-retirement-problem-part-2/,en,Stored as paraphrased notes + links. Avoid verbatim copying.,2025-12-17T16:21:46Z,2025-12-17T16:21:46Z,data/kb/docs/kb-0093-step-up-sip-increase-contribution-annually.md,Step-up SIP is a method where you increase your monthly investment amount each year. This helps your investment grow faster while matching your rising income and expenses. It’s a smart way to build a larger corpus over time.,"goal_planning_and_retirement,basics"
kb-0094,Inflation-Adjusted Goals and Future Value,goal_planning_and_retirement,basics,mixed (search),https://zerodha.com/varsity/chapter/the-retirement-problem-part-1/,en,Stored as paraphrased notes + links. Avoid verbatim copying.,2025-12-17T16:22:00Z,2025-12-17T16:22:00Z,data/kb/docs/kb-0094-inflation-adjusted-goals-future-value.md,"Inflation reduces the buying power of money over time, so setting financial targets requires adjusting for inflation. This helps ensure your future savings can meet your actual needs. Using future value calculations, you can estimate how much money you will need to maintain your lifestyle in the future.","goal_planning_and_retirement,basics"
kb-0095,Emergency Fund Size: The 3–6 Months Rule,goal_planning_and_retirement,basics,mixed (search),https://www.investopedia.com/terms/e/emergency_fund.asp,en,Stored as paraphrased notes + links. Avoid verbatim copying.,2025-12-17T16:22:13Z,2025-12-17T16:22:13Z,data/kb/docs/kb-0095-emergency-fund-sizing-3-6-months-rule.md,An emergency fund is money saved to cover unexpected costs like job loss or urgent bills. Experts commonly advise keeping 3 to 6 months of living expenses set aside for financial security. This fund should be quick to access and reserved only for real emergencies.,"goal_planning_and_retirement,basics"
kb-0096,Debt Payoff vs Investing: Which Comes First?,goal_planning_and_retirement,basics,mixed (search),https://www.investopedia.com/articles/pf/08/invest-reduce-debt.asp,en,Stored as paraphrased notes + links. Avoid verbatim copying.,2025-12-17T16:22:24Z,2025-12-17T16:22:24Z,data/kb/docs/kb-0096-debt-payoff-vs-investing-priority-order.md,"Deciding whether to pay off debt or invest depends on your interest rates and risk tolerance. Generally, paying off high-interest debt is better, but investing can be wiser if expected returns exceed debt costs.","goal_planning_and_retirement,basics"
kb-0097,Insurance vs Investment: Understanding Term Insurance,goal_planning_and_retirement,basics,mixed (search),https://zerodha.com/varsity/are-you-mixing-insurance-and-investments-heres-what-you-need-to-know/,en,Stored as paraphrased notes + links. Avoid verbatim copying.,2025-12-17T16:22:34Z,2025-12-17T16:22:34Z,data/kb/docs/kb-0097-insurance-vs-investment-term-insurance-concept.md,"Term insurance provides financial protection for a fixed period without any savings component. It pays a death benefit only if the insured dies during the term, unlike investment-linked insurance plans that combine coverage with savings.","goal_planning_and_retirement,basics"
kb-0098,Life-Stage Allocation (Age-Based Heuristics),goal_planning_and_retirement,basics,mixed (search),https://www.investopedia.com/terms/a/assetallocation.asp,en,Stored as paraphrased notes + links. Avoid verbatim copying.,2025-12-17T16:22:47Z,2025-12-17T16:22:47Z,data/kb/docs/kb-0098-life-stage-allocation-age-based-heuristics.md,"Life-stage allocation adjusts your investment mix based on your age to balance risk and reward. Younger investors typically hold more stocks for growth, while older investors shift toward safer assets like bonds and cash.","goal_planning_and_retirement,basics"
kb-0099,"Scenario Analysis Using Different Discount Rates (8%, 10%, 12%)",goal_planning_and_retirement,basics,mixed (search),https://www.investopedia.com/terms/s/sensitivityanalysis.asp,en,Stored as paraphrased notes + links. Avoid verbatim copying.,2025-12-17T16:23:00Z,2025-12-17T16:23:00Z,data/kb/docs/kb-0099-scenario-analysis-8-vs-10-vs-12.md,"Scenario analysis helps forecast outcomes by applying different discount rates, showing how project value or investment returns change. By comparing results at 8%, 10%, and 12%, you can understand the sensitivity of the investment to changes in the required rate of return.","goal_planning_and_retirement,basics"
kb-0100,Loss Aversion and Panic Selling,behavioral_finance,basics,mixed (search),https://zerodha.com/varsity/chapter/accurate-perceptions-of-loss-and-risk-aversion/,en,Stored as paraphrased notes + links. Avoid verbatim copying.,2025-12-17T16:23:12Z,2025-12-17T16:23:12Z,data/kb/docs/kb-0100-loss-aversion-and-panic-selling.md,"Loss aversion makes investors fear losing money more than they enjoy gaining it. This fear can trigger panic selling when prices drop, often leading to poor financial decisions. Preparing mentally for losses helps reduce emotional reactions and promotes better trading choices.","behavioral_finance,basics"
kb-0101,Recency Bias in Investing,behavioral_finance,basics,mixed (search),https://zerodha.com/varsity/chapter/trading-biases/,en,Stored as paraphrased notes + links. Avoid verbatim copying.,2025-12-17T16:23:28Z,2025-12-17T16:23:28Z,data/kb/docs/kb-0101-recency-bias-thinking-recent-trend-will-continue.md,Recency bias is when people believe recent trends or events will keep happening the same way. This often leads to poor financial decisions because investors overweight recent information and ignore long-term probabilities. Understanding this bias helps avoid mistakes like panic selling or buying into bubbles.,"behavioral_finance,basics"
kb-0102,Overconfidence and Overtrading in Investing,behavioral_finance,basics,mixed (search),https://zerodha.com/varsity/chapter/overconfidence-risk-and-rewards/,en,Stored as paraphrased notes + links. Avoid verbatim copying.,2025-12-17T16:23:41Z,2025-12-17T16:23:41Z,data/kb/docs/kb-0102-overconfidence-and-overtrading.md,"Overconfidence makes investors trade more often, believing they will keep winning, but this can lower their overall returns. Overtrading leads to higher costs and can hurt long-term account balances. A balanced confidence helps traders manage risks better.","behavioral_finance,basics"
kb-0103,Herd Mentality and FOMO in Investing,behavioral_finance,basics,mixed (search),https://www.investopedia.com/fomo-investing-protect-your-money-11757950,en,Stored as paraphrased notes + links. Avoid verbatim copying.,2025-12-17T16:23:54Z,2025-12-17T16:23:54Z,data/kb/docs/kb-0103-herd-mentality-fomo.md,Herd mentality and FOMO (fear of missing out) cause investors to copy others and rush into popular investments without enough research. This behavior often leads to poor decisions and losses because people focus on short-term trends instead of long-term value.,"behavioral_finance,basics"
kb-0104,Anchoring Bias in Investing,behavioral_finance,basics,mixed (search),https://zerodha.com/varsity/chapter/tradingbiases-p2/,en,Stored as paraphrased notes + links. Avoid verbatim copying.,2025-12-17T16:24:07Z,2025-12-17T16:24:07Z,data/kb/docs/kb-0104-anchoring-bias-stuck-to-buy-price.md,"Anchoring bias happens when investors fixate on the original purchase price of a stock, affecting their decisions. This can lead to missed opportunities or holding losing investments in hope of a price rebound.","behavioral_finance,basics"
kb-0105,Confirmation Bias in Finance,behavioral_finance,basics,mixed (search),https://www.investopedia.com/terms/c/confirmation-bias.asp,en,Stored as paraphrased notes + links. Avoid verbatim copying.,2025-12-17T16:24:22Z,2025-12-17T16:24:22Z,data/kb/docs/kb-0105-confirmation-bias-only-reading-what-you-like.md,Confirmation bias means favoring information that matches your existing beliefs while ignoring opposing facts. It can lead investors to make poor decisions by overlooking important data. Recognizing this bias helps improve decision-making and avoid costly mistakes.,"behavioral_finance,basics"
kb-0106,Role of the Federal Reserve (Central Bank),market_and_macro_basics,basics,mixed (search),https://www.investopedia.com/terms/f/federalreservebank.asp,en,Stored as paraphrased notes + links. Avoid verbatim copying.,2025-12-17T16:24:37Z,2025-12-17T16:24:37Z,data/kb/docs/kb-0106-what-is-the-federal-reserve-central-bank-role-general.md,"The Federal Reserve is the central bank of the United States that helps keep the economy stable and safe. It manages the country's money supply, regulates banks, and provides financial services to other banks and the government.","market_and_macro_basics,basics"
kb-0107,How Interest Rates Affect Stocks and Bonds,market_and_macro_basics,basics,mixed (search),https://www.investopedia.com/articles/stocks/09/how-interest-rates-affect-markets.asp,en,Stored as paraphrased notes + links. Avoid verbatim copying.,2025-12-17T16:24:50Z,2025-12-17T16:24:50Z,data/kb/docs/kb-0107-how-interest-rates-affect-stocks-and-bonds.md,"Interest rates influence how expensive borrowing money is, affecting both stocks and bonds. Higher rates tend to lower stock prices and bond values, while lower rates usually boost them. These changes impact consumer spending, business profits, and investment decisions.","market_and_macro_basics,basics"
kb-0108,Understanding Recession and Market Reactions,market_and_macro_basics,basics,mixed (search),https://www.investopedia.com/insights/recession-what-does-it-mean-investors/,en,Stored as paraphrased notes + links. Avoid verbatim copying.,2025-12-17T16:25:02Z,2025-12-17T16:25:02Z,data/kb/docs/kb-0108-what-is-recession-and-how-markets-react.md,"A recession is a significant decline in economic activity lasting several months, often identified by two quarters of GDP shrinkage. During a recession, markets tend to fall due to lower earnings and uncertainty, while layoffs and reduced consumer spending deepen the downturn.","market_and_macro_basics,basics"
kb-0109,Understanding Currency Risk in International Investing,market_and_macro_basics,basics,mixed (search),https://www.investopedia.com/articles/forex/08/invest-forex.asp,en,Stored as paraphrased notes + links. Avoid verbatim copying.,2025-12-17T16:25:15Z,2025-12-17T16:25:15Z,data/kb/docs/kb-0109-currency-risk-investing-internationally.md,"Currency risk happens when exchange rates change, affecting the value of foreign investments. This risk can cause gains or losses beyond the performance of the investment itself.","market_and_macro_basics,basics"
kb-0110,Basics of Gold and Oil Commodity Drivers,market_and_macro_basics,basics,mixed (search),https://www.investopedia.com/articles/economics/08/determining-oil-prices.asp,en,Stored as paraphrased notes + links. Avoid verbatim copying.,2025-12-17T16:25:28Z,2025-12-17T16:25:28Z,data/kb/docs/kb-0110-commodities-basics-gold-oil-drivers.md,"Commodities like gold and oil are basic raw materials traded globally. Their prices mainly depend on supply and demand, influenced by economic factors and market behaviors.","market_and_macro_basics,basics"
kb-0111,How News Influences Markets: Signal vs Noise,market_and_macro_basics,basics,mixed (search),https://www.investopedia.com/the-express-podcast-episode-272-11864121,en,Stored as paraphrased notes + links. Avoid verbatim copying.,2025-12-17T16:25:41Z,2025-12-17T16:25:41Z,data/kb/docs/kb-0111-how-news-impacts-markets-signal-vs-noise.md,"Market prices move based on new information, but not all news affects value equally. True signals reflect real economic changes, while noise consists of random or misleading short-term fluctuations.","market_and_macro_basics,basics"
